xg,xd,xv,ba,bv,c,n_neigh,time
0.7608740437680148,0.07799367017262471,0.16113228605936047,88.2799960277308,90.99604335750946,46.13000552863732,90,359
