XG,XD,XV,Terminated,Win
0.41096250766541254,0.439859279963997,0.14917821237059048,1,0
